FISNumber,TrackingNumber_IC,TrackingNumber_week1,Ethica_1,App_install_week1
F514355031449,2752537,2754742,27163,07/10/2022
F514359922521,2766157,2800069,30302,27/10/2022
F514359922749,2766158,2800070,56068,27/10/2022
F514357283939,2739853,2752095,59528,24/08/2022
F514357578803,2742316,2752105,59662,31/08/2022
F514357578674,2742317,2752106,59753,02/09/2022
F514357508284,2742364,2752103,59989,13/09/2022
F514357845211,2742441,2752109,60030,14/09/2022
F514358337879,2742387,2752116,60032,14/09/2022
F514357826996,2742445,2752111,60038,14/09/2022
F514357508924,2742365,2752104,60039,14/09/2022
F514357826258,2742444,2752110,60043,14/09/2022
F514358322139,2742466,2752115,60055,15/09/2022
F514358342179,2742451,2752112,60093,16/09/2022
F514357511645,2742432,2752107,60099,16/09/2022
F514336335312,2751858,2752124,60121,19/09/2022
F514336336074,2751853,2752123,60122,19/09/2022
F514339108145,2751865,2752125,60123,19/09/2022
F514334549669,2751893,2752129,60124,19/09/2022
F514335848422,2751844,2752121,60153,20/09/2022
F514363859284,2751784,2752120,60194,20/09/2022
F514334275101,2751891,2752128,60196,20/09/2022
F514357021587,2742340,2752099,60207,20/09/2022
F514358333488,2742391,2754731,60235,21/09/2022
F514358337635,2742388,2754730,60247,22/09/2022
F514363858158,2751782,2752119,60262,22/09/2022
F514356153729,2752087,2754760,60284,23/09/2022
F514355349115,2751973,2754741,60286,23/09/2022
F514355393439,2751960,2754740,60291,23/09/2022
F514358329924,2742459,2754727,60310,25/09/2022
F514357029152,2742331,2752098,60318,26/09/2022
F514357683885,2752268,2754722,60339,26/09/2022
F514336310437,2751849,2752122,60351,26/09/2022
F514357159247,2752201,2754712,60354,26/09/2022
F514363238694,2751774,2752117,60355,26/09/2022
F514358264102,2752302,2754723,60358,26/09/2022
F514335817001,2751843,2754794,60365,26/09/2022
F514339108494,2751868,2752126,60369,27/09/2022
F514363238856,2751773,2754787,60392,27/09/2022
F514334270793,2751890,2752127,60398,27/09/2022
F514357683358,2752267,2754721,60404,28/09/2022
F514356388127,2752069,2754756,60431,28/09/2022
F514356116477,2752728,2754759,60478,30/09/2022
F514355101619,2752556,2754743,60479,30/09/2022
F514355958811,2752013,2754747,60482,30/09/2022
F514358528666,2752447,2754735,60489,30/09/2022
F514356250361,2752699,2754753,60502,30/09/2022
F514357107422,2752186,2754711,60506,01/10/2022
F514357107682,2752185,2754710,60507,01/10/2022
F514357777634,2752255,2754716,60513,01/10/2022
F514358679497,2752469,2754737,60516,02/10/2022
F514357226169,2742406,2754708,60526,03/10/2022
F514358668675,2752479,2754739,60527,03/10/2022
F514335885529,2751841,2754792,60532,03/10/2022
F514366184323,2752963,2754777,60534,03/10/2022
F514362237306,2753050,2754782,60535,03/10/2022
F514360372119,2753081,2754786,60538,03/10/2022
F514356104886,2752727,2754758,60539,03/10/2022
F514358679504,2752470,2754738,60545,03/10/2022
F514357593245,2742361,2752101,60550,04/10/2022
F514364370182,2753001,2754780,60561,04/10/2022
F514354265984,2752742,2754762,60565,04/10/2022
F514368412593,2752928,2754772,60566,04/10/2022
F514334279769,2751885,2754798,60567,04/10/2022
F514357593967,2742362,2752102,60569,04/10/2022
F514334276114,2751886,2754799,60570,08/10/2022
F514351519249,2752874,2754767,60576,04/10/2022
F514362672309,2753071,2754785,60577,04/10/2022
F514358249004,2752305,2754724,60582,04/10/2022
F514332260883,2751904,2754801,60605,04/10/2022
F514334549847,2751892,2754800,60637,05/10/2022
F514356391415,2752060,2754755,60638,05/10/2022
F514337221955,2751789,2754789,60639,05/10/2022
F514339762497,2751877,2754797,60643,05/10/2022
F514366194895,2752959,2754776,60645,05/10/2022
F514351672696,2752876,2754768,60646,05/10/2022
F514357226217,2742407,2754709,60650,05/10/2022
F514367715037,2752920,2754771,60651,05/10/2022
F514364811138,2753046,2754781,60662,06/10/2022
F514356389237,2752072,2799908,60672,06/10/2022
F514355675554,2752654,2754752,60674,06/10/2022
F514354351421,2754461,2800149,60691,06/10/2022
F514357683203,2752266,2754720,60718,06/10/2022
F514339953624,2751871,2754796,60719,06/10/2022
F514354478755,2754547,2800178,60745,07/10/2022
F514359619833,2754348,2800111,60752,07/10/2022
F514354471861,2754557,2800180,60754,07/10/2022
F514354233097,2754391,2800137,60803,07/10/2022
F514354300156,2754435,2800142,60812,08/10/2022
F514356391667,2752059,2754754,60813,08/10/2022
F514352285233,2754686,2800223,60814,08/10/2022
F514354000894,2754488,2800152,60848,10/10/2022
F514354707936,2755299,2800197,60852,10/10/2022
F514354338892,2755055,2800148,60853,10/10/2022
F514357398181,2752164,2799623,60854,10/10/2022
F514354967566,2755268,2800193,60856,10/10/2022
F514354704817,2755305,2800198,60858,10/10/2022
F514354704688,2755306,2800199,60859,10/10/2022
F514354969153,2755261,2800192,60860,10/10/2022
F514356117205,2752730,2799931,60865,10/10/2022
F514354255778,2754405,2800139,60870,10/10/2022
F514357252859,2752161,2799622,60882,11/10/2022
F514355606006,2752634,2754749,60889,11/10/2022
F514357538173,2752261,2754718,60893,11/10/2022
F514360398404,2753077,2800484,60898,11/10/2022
F514358451642,2752375,2754734,60900,11/10/2022
F514354049851,2755113,2800157,60911,11/10/2022
F514354088286,2755079,2800154,60913,11/10/2022
F514354888615,2755359,2800215,60915,11/10/2022
F514354153288,2754515,2800176,60981,12/10/2022
F514363859892,2751785,2800488,60984,12/10/2022
F514354790791,2755292,2800195,60985,13/10/2022
F514357628707,2755764,2799705,60986,12/10/2022
F514354764344,2752789,2800200,60987,12/10/2022
F514357015658,2755615,2799643,60989,12/10/2022
F514358139241,2755921,2799755,60990,12/10/2022
F514358232342,2755809,2799724,60993,12/10/2022
F514362089247,2753053,2754783,60998,12/10/2022
F514359883926,2754369,2800122,60999,12/10/2022
F514355158255,2751993,2799839,61000,12/10/2022
F514358356727,2742399,2754732,61005,12/10/2022
F514358411806,2755928,2799766,61006,12/10/2022
F514358671314,2752472,2799798,61021,13/10/2022
F514355688296,2752033,2799880,61022,13/10/2022
F514354287205,2755026,2800129,61024,13/10/2022
F514355675432,2752653,2799879,61025,13/10/2022
F514354088926,2755080,2800155,61031,13/10/2022
F514357398221,2752165,2799624,61035,13/10/2022
F514357466342,2755669,2799673,61038,13/10/2022
F514357725745,2755712,2799691,61067,13/10/2022
F514357193891,2755619,2799649,61068,13/10/2022
F514354385701,2754447,2800143,61070,13/10/2022
F514358122336,2755919,2799754,61100,14/10/2022
F514357083722,2755607,2799639,61104,14/10/2022
F514357643213,2755762,2799704,61149,16/10/2022
F514357320882,2752179,2799634,61150,16/10/2022
F514355393674,2751959,2799817,61153,17/10/2022
F514358321775,2742465,2799735,61157,17/10/2022
F514351913135,2752828,2800229,61179,17/10/2022
F514369607279,2752988,2754779,61180,17/10/2022
F514357376579,2756024,2799628,61186,17/10/2022
F514358161013,2755899,2799752,61190,17/10/2022
F514358161962,2755898,2799751,61194,17/10/2022
F514361009638,2753094,2800486,61196,17/10/2022
F514355171766,2752566,2754744,61212,17/10/2022
F514358249378,2752306,2754725,61222,17/10/2022
F514357173243,2756056,2799654,61225,17/10/2022
F514354141307,2752763,2754763,61226,17/10/2022
F514362089969,2753054,2754784,61227,17/10/2022
F514358960517,2755944,2799777,61241,18/10/2022
F514354426396,2752767,2800184,61252,18/10/2022
F514357947183,2756125,2799681,61261,18/10/2022
F514359630168,2754356,2800117,61281,19/10/2022
F514362700001,2753062,2800479,61284,19/10/2022
F514354137411,2758113,2800174,61292,19/10/2022
F514354137582,2758114,2800175,61293,19/10/2022
F514356908706,2757677,2799950,61296,19/10/2022
F514356591883,2757698,2799976,61297,19/10/2022
F514359073033,2757795,2800031,61298,19/10/2022
F514359002563,2757787,2800029,61302,19/10/2022
F514358448046,2756368,2799770,61307,19/10/2022
F514354720003,2758166,2800201,61309,19/10/2022
F514354236037,2754383,2800135,61315,19/10/2022
F514358265683,2752298,2799722,61320,19/10/2022
F514354211867,2758011,2800132,61330,20/10/2022
F514359536419,2754303,2800098,61342,20/10/2022
F514354471375,2754556,2800179,61343,20/10/2022
F514354975917,2754605,2800190,61345,20/10/2022
F514355968718,2752585,2799855,61346,20/10/2022
F514356497389,2757648,2799938,61348,20/10/2022
F514357807239,2755786,2799711,61349,20/10/2022
F514359438928,2757823,2800056,61351,20/10/2022
F514354568924,2752795,2754764,61353,20/10/2022
F514357970876,2755684,2799680,61355,20/10/2022
F514356497875,2757649,2799939,61358,20/10/2022
F514357175058,2756054,2799653,61362,20/10/2022
F514355676072,2752648,2754751,61364,20/10/2022
F514357063894,2756046,2799647,61411,21/10/2022
F514366024453,2752954,2754774,61414,21/10/2022
F514357189971,2756060,2799656,61417,21/10/2022
F514357970381,2755683,2799679,61418,21/10/2022
F514354810643,2755372,2800217,61424,21/10/2022
F514354738416,2758167,2800202,61430,21/10/2022
F514359559497,2757916,2800102,61434,21/10/2022
F514359358543,2760424,2800026,61436,21/10/2022
F514356927474,2760193,2799958,61437,21/10/2022
F514359785146,2760593,2800082,61438,21/10/2022
F514359957911,2760556,2800077,61443,21/10/2022
F514359372678,2760393,2800018,61444,21/10/2022
F514359559504,2757917,2800103,61445,21/10/2022
F514359259156,2760367,2800015,61447,21/10/2022
F514359750218,2760648,2800086,61450,21/10/2022
F514356684474,2760275,2799990,61459,21/10/2022
F514358255006,2755818,2799725,61462,21/10/2022
F514354975269,2754604,2800189,61466,21/10/2022
F514356591356,2757697,2799975,61474,21/10/2022
F514354153928,2754516,2800177,61477,21/10/2022
F514366024631,2752953,2754773,61478,21/10/2022
F514358361432,2756272,2799733,61480,21/10/2022
F514357159709,2752203,2799665,61483,21/10/2022
F514359555479,2757920,2800104,61486,22/10/2022
F514355600685,2752642,2754750,61502,22/10/2022
F514357075314,2755590,2799637,61503,22/10/2022
F514359788881,2760590,2800080,61508,22/10/2022
F514354306483,2754431,2800141,61510,22/10/2022
F514360398697,2753076,2800483,61513,22/10/2022
F514359212589,2760341,2800010,61517,22/10/2022
F514357760801,2755703,2799688,61519,22/10/2022
F514359446217,2760545,2800054,61522,22/10/2022
F514359438288,2757822,2800055,61528,22/10/2022
F514357063367,2756045,2799646,61529,22/10/2022
F514354211615,2758012,2800133,61541,23/10/2022
F514359387428,2760398,2800019,61543,23/10/2022
F514337993457,2751802,2754790,61547,23/10/2022
F514359561245,2757911,2800093,61550,24/10/2022
F514359592122,2754953,2800089,61551,24/10/2022
F514356856137,2761005,2800007,61556,24/10/2022
F514356163521,2760744,2799933,61562,24/10/2022
F514356393635,2752057,2799905,61563,24/10/2022
F514356598388,2760903,2799974,61564,24/10/2022
F514359968417,2761213,2800066,61569,24/10/2022
F514356070744,2760716,2799917,61570,24/10/2022
F514359780723,2760592,2800081,61572,24/10/2022
F514359554969,2757927,2800105,61573,24/10/2022
F514359983912,2761192,2800063,61574,24/10/2022
F514359755079,2761256,2800087,61575,24/10/2022
F514356193913,2760111,2799922,61576,24/10/2022
F514354092798,2754480,2800150,61582,24/10/2022
F514354094109,2754481,2800151,61583,24/10/2022
F514359175191,2760444,2800038,61584,24/10/2022
F514359699027,2761290,2800107,61587,24/10/2022
F514356530727,2760931,2799985,61591,25/10/2022
F514358182041,2755888,2799750,61594,25/10/2022
F514357109489,2755626,2799651,61597,25/10/2022
F514354998379,2755229,2800186,61600,25/10/2022
F514358071322,2755855,2799737,61602,25/10/2022
F514358707635,2752438,2799780,61606,25/10/2022
F514354194703,2755163,2800166,61608,25/10/2022
F514357082378,2755610,2799641,61609,25/10/2022
F514357466853,2755670,2799674,61617,25/10/2022
F514356598014,2760902,2799973,61625,25/10/2022
F514357498727,2755629,2799666,61632,25/10/2022
F514359592593,2754956,2800091,61650,26/10/2022
F514366635023,2752975,2754778,61658,26/10/2022
F514354271272,2755017,2800127,61666,26/10/2022
F514358411311,2755927,2799765,61671,26/10/2022
F514354233307,2754392,2800138,61675,26/10/2022
F514359561967,2757912,2800094,61688,27/10/2022
F514364432796,2753028,2800442,61691,27/10/2022
F514357015496,2755616,2799644,61697,27/10/2022
F514359930849,2766170,2800074,61700,27/10/2022
F514356370322,2765841,2799907,61702,27/10/2022
F514355763406,2765739,2799864,61705,27/10/2022
F514354328345,2758055,2800146,61722,27/10/2022
F514359529672,2761286,2800097,62202,28/10/2022
F514356194294,2760119,2799926,62203,28/10/2022
F514356514357,2766012,2799979,62206,28/10/2022
F514354196007,2758092,2800164,62208,28/10/2022
F514356681022,2760273,2799989,62209,28/10/2022
F514355220381,2752513,2799816,62210,28/10/2022
F514357807725,2755788,2799712,62211,28/10/2022
F514356791604,2765987,2799965,62214,28/10/2022
F514359142783,2766131,2800043,62219,28/10/2022
F514359975512,2757847,2800060,62220,28/10/2022
F514356186218,2765909,2799928,62221,28/10/2022
F514358374482,2755837,2799728,62226,29/10/2022
F514355537181,2765765,2799874,62235,29/10/2022
F514359529801,2761285,2800096,62250,03/11/2022
F514356277246,2765802,2799897,62254,29/10/2022
F514357588872,2756159,2799694,62259,30/10/2022
F514359558727,2757915,2800100,62262,30/10/2022
F514359559148,2760098,2800101,62263,30/10/2022
F514356186161,2765908,2799927,62265,30/10/2022
F514358374611,2755836,2799727,62273,31/10/2022
F514357376408,2756023,2799627,62274,31/10/2022
F514354141842,2752764,2800171,62275,31/10/2022
F514364611262,2753040,2800461,62279,31/10/2022
F514339955609,2751869,2800494,62282,31/10/2022
F514355434951,2766593,2799849,62283,31/10/2022
F514351910308,2752827,2800228,62284,31/10/2022
F514351910098,2752826,2800227,62288,31/10/2022
F514357147891,2766206,2799663,62312,31/10/2022
F514359938358,2766161,2800071,62316,31/10/2022
F514356203098,2766695,2799892,62324,31/10/2022
F514357607452,2766264,2799701,62329,31/10/2022
F514355760085,2765734,2799862,62332,31/10/2022
F514356203308,2766696,2799893,62333,31/10/2022
F514358386795,2756261,2799730,62335,31/10/2022
F514358205759,2752292,2799717,62336,31/10/2022
F514359968669,2761212,2800065,62341,01/11/2022
F514358275062,2766282,2799718,62342,01/11/2022
F514358538378,2766440,2799795,62343,01/11/2022
F514355760911,2765733,2799861,62344,01/11/2022
F514356870871,2760328,2800000,62345,01/11/2022
F514354534303,2754673,2800206,62346,01/11/2022
F514357317107,2766194,2799631,62349,01/11/2022
F514355517466,2766638,2799869,62352,01/11/2022
F514356458921,2765962,2799947,62359,01/11/2022
F514358833233,2766505,2799813,62364,01/11/2022
F514358581397,2766407,2799787,62371,01/11/2022
F514355089592,2766540,2799828,62374,01/11/2022
F514355087145,2766542,2799829,62377,01/11/2022
F514356118404,2765919,2799930,62380,01/11/2022
F514355556646,2766665,2799877,62386,01/11/2022
F514354469026,2754572,2800183,62463,02/11/2022
F514355435972,2766588,2799847,62467,02/11/2022
F514357790715,2766235,2799684,62478,02/11/2022
F514357534966,2756182,2799699,62481,02/11/2022
F514358275313,2766283,2799719,62482,02/11/2022
F514366635348,2752976,2800400,62484,02/11/2022
F514357831596,2756231,2799715,62507,02/11/2022
F514359896757,2757985,2800119,62509,02/11/2022
F514358594154,2766829,2799784,62511,02/11/2022
F514356314238,2767337,2799911,62518,02/11/2022
F514355096769,2767031,2799825,62532,03/11/2022
F514354828497,2758191,2800219,62534,03/11/2022
F514359205509,2757766,2800008,62548,03/11/2022
F514356813896,2757730,2800005,62549,03/11/2022
F514359901826,2757839,2800059,62558,03/11/2022
F514355621097,2767259,2799882,62562,03/11/2022
F514358594292,2766830,2799785,62564,03/11/2022
F514358666706,2766836,2799799,62565,03/11/2022
F514357571075,2756155,2799692,62567,03/11/2022
F514355460385,2767127,2799845,62579,03/11/2022
F514355087267,2766543,2799830,62586,03/11/2022
F514354213495,2758009,2800131,62593,03/11/2022
F514358230706,2755803,2799723,62626,04/11/2022
F514358636899,2766867,2799801,62627,04/11/2022
F514355324475,2767004,2799823,62629,04/11/2022
F514356846206,2760991,2800006,62634,04/11/2022
F514355549323,2766659,2799872,62635,04/11/2022
F514354142499,2758097,2800172,62708,05/11/2022
F514362802873,2753074,2800482,62711,05/11/2022
F514355097116,2767032,2799826,62731,05/11/2022
F514357416308,2755659,2799670,62736,06/11/2022
F514355324604,2767003,2799822,62738,06/11/2022
F514357632595,2755767,2799708,62739,06/11/2022
F514356195233,2760108,2799921,62748,06/11/2022
F514356195177,2760107,2799920,62749,06/11/2022
F514354328029,2758054,2800145,62753,06/11/2022
F514354534847,2754674,2800207,62776,07/11/2022
F514358906555,2766344,2799772,62777,07/11/2022
F514359212726,2760342,2800011,62784,07/11/2022
F514356738899,2760223,2799971,62790,07/11/2022
F514359946685,2761227,2800068,62793,07/11/2022
F514356930787,2760199,2799959,62811,07/11/2022
F514347606082,2768333,2800500,62818,07/11/2022
F514355785228,2767166,2799859,62824,07/11/2022
F514356471435,2760156,2799942,62830,07/11/2022
F514356403687,2760782,2799941,62838,08/11/2022
F514359781169,2760599,2800084,62840,08/11/2022
F514356420923,2760807,2799946,62844,08/11/2022
F514355495248,2767080,2799841,62845,08/11/2022
F514353792636,2767366,2800263,62846,08/11/2022
F514359227485,2761049,2800014,62850,08/11/2022
F514359783745,2760598,2800083,62863,08/11/2022
F514359492566,2760517,2800049,62869,08/11/2022
F514359983086,2761193,2800064,62871,08/11/2022
F514359358421,2760423,2800025,62877,08/11/2022
F514355495126,2767079,2799840,62879,08/11/2022
F514359319339,2760406,2800022,62890,09/11/2022
F514359874562,2760680,2800120,62893,09/11/2022
F514356192025,2760115,2799925,62894,09/11/2022
F514359319071,2760405,2800021,62900,09/11/2022
F514335660534,2768255,2800492,62905,09/11/2022
F514356878891,2760989,2799999,62918,09/11/2022
F514359013952,2766107,2800033,62925,09/11/2022
F514359479696,2761143,2800050,62926,09/11/2022
F514355512573,2767792,2799870,62940,10/11/2022
F514355763699,2765738,2799863,62945,10/11/2022
F514359908493,2766145,2800058,62948,10/11/2022
F514358922974,2755960,2799778,62952,10/11/2022
F514359143203,2766129,2800042,62962,10/11/2022
F514357082864,2755611,2799642,62966,10/11/2022
F514355844147,2767310,2799889,62980,10/11/2022
F514354368635,2755042,2800144,62984,10/11/2022
F514357389296,2756034,2799630,62990,10/11/2022
F514357496523,2755634,2799667,62998,11/11/2022
F514358511306,2765602,2799794,62999,11/11/2022
F514356878364,2760988,2799998,63002,11/11/2022
F514358573929,2766398,2799786,63003,11/11/2022
F514358650246,2766892,2799804,63004,11/11/2022
F514358511096,2765601,2799793,63007,11/11/2022
F514356748083,2760887,2799969,63008,11/11/2022
F514357396123,2768791,2799625,63011,11/11/2022
F514356738606,2760224,2799972,63018,11/11/2022
F514355537221,2765766,2799875,63028,12/11/2022
F514359850204,2757993,2800125,63029,12/11/2022
F514356545437,2769157,2799981,63031,12/11/2022
F514359069827,2766114,2800034,63033,12/11/2022
F514357416843,2755660,2799671,63039,13/11/2022
F514356645934,2766036,2799993,63047,13/11/2022
F514356264748,2766704,2799902,63053,13/11/2022
F514356915956,2760864,2799955,63057,13/11/2022
F514364813771,2753045,2800466,63065,14/11/2022
F514356370088,2765840,2799906,63069,14/11/2022
F514356528687,2760922,2799983,63071,14/11/2022
F514359939435,2766166,2800073,63083,14/11/2022
F514357038605,2742343,2799648,63268,15/11/2022
F514355002523,2767041,2799827,63271,15/11/2022
F514357583606,2768904,2799695,63312,15/11/2022
F514359227525,2761050,2800504,63385,16/11/2022
F514358826421,2766483,2799811,63398,16/11/2022
F514356192982,2760114,2799924,63402,16/11/2022
F514354041872,2755126,2800158,63410,16/11/2022
F514358873945,2766914,2799809,63422,16/11/2022
F514357550711,2766252,2799700,63426,16/11/2022
F514359116806,2770143,2800039,63430,16/11/2022
F514355314399,2766983,2799821,63445,16/11/2022
F514358047193,2769272,2799744,63453,16/11/2022
F514358018787,2756310,2799738,63454,16/11/2022
F514358720213,2766799,2799781,63455,16/11/2022
F514358876983,2766910,2799807,63460,16/11/2022
F514358416991,2766767,2799762,63463,16/11/2022
F514354014445,2755102,2800156,63467,16/11/2022
F514355434092,2766594,2800501,63489,17/11/2022
F514362654198,2770218,2800481,63494,17/11/2022
F514358876407,2770113,2799808,63496,17/11/2022
F514355562972,2766655,2799871,63497,17/11/2022
F514354484716,2758137,2800181,63518,17/11/2022
F514358663733,2769686,2799800,63530,17/11/2022
F514358306855,2769582,2799726,63585,18/11/2022
F514355918732,2766608,2799854,63593,19/11/2022
F514359938885,2766162,2800072,63604,19/11/2022
F514358013812,2768969,2799742,63619,19/11/2022
F514356311938,2767333,2799909,63662,20/11/2022
F514359368563,2769739,2800024,63670,20/11/2022
F514356299213,2766689,2799891,63671,20/11/2022
F514356400746,2760777,2799940,63721,21/11/2022
F514354905705,2754593,2800187,63726,21/11/2022
F514356324809,2765856,2799912,63746,22/11/2022
F514358416001,2766768,2799763,63783,22/11/2022
F514359499638,2760506,2800047,63784,22/11/2022
F514357532787,2768918,2799698,63801,23/11/2022
F514357846954,2756229,2799714,63834,23/11/2022
F514352298389,2792341,2800222,63835,23/11/2022
F514355750965,2767784,2799867,63846,23/11/2022
F514356683997,2760272,2799988,63856,23/11/2022
F514355545362,2768372,2799873,63872,24/11/2022
F514357647418,2755756,2799703,63879,24/11/2022
F514358134316,2756335,2799757,63908,24/11/2022
F514357801909,2768937,2799713,63995,24/11/2022
F514359645729,2760660,2800114,63997,24/11/2022
F514354215666,2767872,2800130,64002,24/11/2022
F514355149945,2767063,2799837,64035,24/11/2022
F514356120291,2760150,2799937,64051,25/11/2022
F514356956642,2760202,2799961,64053,25/11/2022
F514359144127,2766132,2800044,64057,25/11/2022
F514357529636,2768913,2799697,64068,25/11/2022
F514357647661,2755755,2799702,64084,25/11/2022
F514359959459,2760552,2800075,64121,26/11/2022
F514357242806,2792861,2799620,64143,26/11/2022
F514356761886,2760880,2799967,64145,26/11/2022
F514357853669,2756240,2799716,64168,27/11/2022
F514356180289,2765912,2799929,64169,27/11/2022
F514356813369,2757729,2800004,64206,28/11/2022
F514354186466,2767984,2800170,64209,28/11/2022
F514356904056,2760822,2799952,64226,28/11/2022
F514355191092,2766573,2799836,64240,28/11/2022
F514359751441,2761262,2800088,64247,28/11/2022
F514353811873,2795198,2800279,64259,28/11/2022
F514353114892,2794762,2800250,64261,28/11/2022
F514353121096,2794786,2800254,64263,28/11/2022
F514353397389,2794550,2800237,64270,28/11/2022
F514353147543,2794772,2800252,64283,28/11/2022
F514351752204,2768205,2800231,64288,28/11/2022
F514355656592,2767825,2799883,64292,28/11/2022
F514353820694,2795201,2800280,64297,28/11/2022
F514353134818,2794795,2800255,64305,28/11/2022
F514359165852,2760467,2800041,64327,29/11/2022
F514357140884,2768842,2799664,64328,29/11/2022
F514353299208,2794454,2800236,64330,29/11/2022
F514353355584,2794635,2800243,64332,29/11/2022
F514364961264,2795905,2800447,64351,29/11/2022
F514364773158,2795932,2800451,64354,29/11/2022
F514354668035,2795539,2800211,64359,29/11/2022
F514364781558,2795936,2800453,64361,29/11/2022
F514353958387,2795651,2800262,64371,29/11/2022
F514364646911,2795980,2800463,64373,29/11/2022
F514364004775,2795798,2800434,64378,29/11/2022
F514364536687,2795960,2800457,64379,29/11/2022
F514364689989,2795974,2800460,64380,29/11/2022
F514353019888,2794684,2800245,64381,29/11/2022
F514364898677,2795995,2800465,64382,29/11/2022
F514330265634,2793257,2800496,64386,29/11/2022
F514364043388,2795806,2800435,64396,30/11/2022
F514364211738,2795742,2800430,64397,30/11/2022
F514353808714,2795184,2800277,64398,30/11/2022
F514359592244,2754954,2800090,64411,30/11/2022
F514359202422,2766061,2800009,64419,30/11/2022
F514362213549,2796029,2800469,64438,30/11/2022
F514353355413,2794634,2800242,64441,30/11/2022
F514364799046,2795915,2800449,64442,30/11/2022
F514362217915,2796026,2800468,64445,30/11/2022
F514364357263,2795786,2800433,64451,01/12/2022
F514356790527,2765979,2799963,64455,01/12/2022
F514358919004,2766374,2799775,64463,01/12/2022
F514366308886,2796760,2800386,64468,01/12/2022
F514365837174,2796709,2800377,64469,01/12/2022
F514359692588,2769902,2800108,64470,01/12/2022
F514366832064,2797080,2800402,64472,01/12/2022
F514367207864,2796119,2800284,64478,01/12/2022
F514359351503,2770132,2800027,64481,01/12/2022
F514353026075,2794704,2800247,64483,01/12/2022
F514353838911,2795706,2800282,64485,01/12/2022
F514356311054,2767334,2799910,64492,02/12/2022
F514365746138,2796609,2800369,64502,02/12/2022
F514353822946,2795704,2800281,64532,02/12/2022
F514367181693,2796259,2800295,64536,02/12/2022
F514367181409,2796260,2800296,64538,02/12/2022
F514359111613,2769787,2800040,64541,02/12/2022
F514366633906,2797042,2800401,64552,02/12/2022
F514369452625,2798704,2800418,64553,02/12/2022
F514353782284,2794927,2800265,64554,02/12/2022
F514368316413,2797921,2800314,64558,02/12/2022
F514368247929,2797836,2800313,64559,02/12/2022
F514368634169,2798515,2800344,64560,02/12/2022
F514368367817,2797938,2800316,64561,02/12/2022
F514368570908,2798434,2800338,64563,02/12/2022
F514368052515,2798155,2800324,64565,02/12/2022
F514365925034,2796575,2800366,64567,02/12/2022
F514365081881,2796414,2800358,64570,02/12/2022
F514368133361,2798246,2800328,64571,02/12/2022
F514369955903,2798719,2800419,64574,02/12/2022
F514368117161,2798219,2800326,64576,02/12/2022
F514366226232,2796747,2800383,64581,02/12/2022
F514365310681,2796384,2800352,64583,02/12/2022
F514368940495,2798316,2800331,64584,02/12/2022
F514367065539,2796202,2800292,64585,02/12/2022
F514367602893,2797588,2800308,64594,03/12/2022
F514366697427,2797010,2800398,64600,03/12/2022
F514368000431,2798016,2800321,64604,03/12/2022
F514368934411,2798341,2800333,64605,03/12/2022
F514369000733,2798636,2800412,64619,03/12/2022
F514369000571,2798635,2800411,64620,03/12/2022
F514353715904,2794941,2800266,64621,03/12/2022
F514362391822,2796041,2800472,64636,03/12/2022
F514353715078,2794942,2800267,64639,03/12/2022
F514366728547,2796950,2800395,64645,04/12/2022
F514369346142,2798616,2800406,64648,04/12/2022
F514369365997,2798610,2800405,64651,04/12/2022
F514365649984,2796674,2800374,64659,07/12/2022
F514358516604,2766417,2799791,64660,04/12/2022
F514368828853,2798564,2800348,64662,04/12/2022
F514367370196,2797129,2800288,64675,05/12/2022
F514365389017,2796378,2800351,64676,05/12/2022
F514368934663,2798340,2800332,64678,05/12/2022
F514368067111,2798062,2800322,64684,05/12/2022
F514365191263,2799347,2800362,64691,05/12/2022
F514358013334,2768968,2799741,64693,05/12/2022
F514367569562,2797531,2800306,64695,05/12/2022
F514369266058,2798592,2800404,64699,05/12/2022
F514367030302,2799140,2800293,64708,05/12/2022
F514367513469,2797517,2800305,64712,05/12/2022
F514357340298,2766199,2799632,64720,05/12/2022
F514367993054,2797252,2800300,64723,05/12/2022
F514367297231,2797086,2800283,64728,05/12/2022
F514365137074,2796483,2800363,64751,06/12/2022
F514351842406,2798911,2800234,64752,06/12/2022
F514354730689,2798877,2800203,64754,06/12/2022
F514369476042,2798691,2800417,64755,06/12/2022
F514353345337,2798950,2800240,64759,06/12/2022
F514366217339,2796727,2800380,64761,06/12/2022
F514367515226,2797511,2800303,64762,06/12/2022
F514357433164,2792552,2799677,64766,06/12/2022
F514362399615,2796039,2800471,64767,06/12/2022
F514358900244,2766349,2799773,64770,06/12/2022
F514353992933,2795601,2800259,64772,06/12/2022
F514367993938,2797251,2800299,64783,06/12/2022
F514365596094,2796624,2800372,64786,06/12/2022
F514355306477,2766944,2799819,64787,06/12/2022
F514357569926,2792564,2799696,64788,06/12/2022
F514357181862,2756066,2799657,64801,07/12/2022
F514369652233,2770211,2800424,64805,07/12/2022
F514365429833,2799358,2800365,64806,07/12/2022
F514353114608,2794763,2800251,64810,07/12/2022
F514367391604,2799126,2800286,64821,07/12/2022
F514354797977,2795403,2800194,64824,07/12/2022
F514369505015,2798752,2800421,64838,07/12/2022
F514357181619,2756067,2799658,64848,07/12/2022
F514367835939,2797790,2800311,64867,08/12/2022
F514359643144,2760661,2800115,64915,09/12/2022
F514364053115,2795811,2800436,64918,09/12/2022
F514357391077,2792493,2799626,64923,09/12/2022
F514366593569,2796965,2800396,64925,09/12/2022
F514354571475,2758186,2800204,64937,09/12/2022
F514354074004,2767936,2800153,64965,10/12/2022
F514357162519,2792535,2799661,64980,11/12/2022
F514362084184,2796053,2800476,64984,11/12/2022
F514364319939,2795765,2800431,64998,12/12/2022
F514353870614,2795665,2800278,64999,12/12/2022
F514353026901,2794703,2800246,65001,12/12/2022
F514364303227,2795757,2805625,65005,12/12/2022
F514353859153,2795719,2805497,65006,12/12/2022
F514364279163,2795735,2800428,65012,12/12/2022
F514351970881,2768188,2800226,65013,12/12/2022
F514364979936,2795891,2800444,65016,12/12/2022
F514353748815,2794960,2800268,65020,12/12/2022
F514364915629,2795895,2800445,65021,12/12/2022
F514369865848,2798803,2800425,65023,12/12/2022
F514354825718,2768464,2800220,65024,12/12/2022
F514365021113,2795729,2805555,65028,12/12/2022
F514353740788,2794967,2800269,65062,13/12/2022
F514367030092,2800517,2805509,65074,13/12/2022
F514353916177,2795618,2800261,65075,13/12/2022
F514353390721,2794551,2800238,65076,13/12/2022
F514364463632,2795873,2805629,65077,13/12/2022
F514337914238,2795206,2805674,65078,13/12/2022
F514353745129,2794968,2805488,65086,13/12/2022
F514368652078,2798521,2800345,65087,13/12/2022
F514357340905,2766200,2799633,65088,13/12/2022
F514366957234,2796926,2800394,65102,14/12/2022
F514354271937,2755018,2800128,65103,14/12/2022
F514368556311,2798463,2800339,65105,14/12/2022
F514353261737,2794513,2805483,65110,14/12/2022
F514352214033,2793229,2800224,65118,14/12/2022
F514365137333,2796484,2800364,65126,14/12/2022
F514368956899,2798345,2800334,65131,15/12/2022
F514353820856,2795200,2805496,65135,15/12/2022
F514354541764,2795468,2805255,65141,15/12/2022
F514369758417,2798747,2805614,65143,15/12/2022
F514366279272,2796720,2800378,65144,15/12/2022
F514354609107,2798892,2805256,65145,15/12/2022
F514365749776,2796608,2805568,65146,15/12/2022
F514367682249,2797615,2805522,65149,15/12/2022
F514365116151,2796461,2805560,65155,15/12/2022
F514365953506,2796579,2800367,65156,15/12/2022
F514364391194,2799046,2805623,65157,15/12/2022
F514365116298,2796462,2805561,65158,15/12/2022
F514337914951,2795207,2800489,65162,19/12/2022
F514367515948,2797512,2805519,65167,16/12/2022
F514365565079,2796652,2805571,65169,16/12/2022
F514368026052,2798081,2805534,65174,16/12/2022
F514330036428,2795218,2805707,65177,16/12/2022
F514334483531,2799088,2805704,65179,16/12/2022
F514368679002,2798675,2800341,65180,16/12/2022
F514368861569,2798546,2800346,65181,16/12/2022
F514366490082,2796855,2805586,65190,16/12/2022
F514351851787,2794450,2805480,65193,16/12/2022
F514367818904,2797735,2805524,65196,17/12/2022
F514368914834,2798299,2805542,65200,17/12/2022
F514368556069,2798462,2805547,65201,17/12/2022
F514366507895,2796970,2800397,65204,17/12/2022
F514361612391,2799070,2800487,65207,17/12/2022
F514368000675,2798015,2800320,65211,17/12/2022
F514358659562,2766886,2799803,65253,18/12/2022
F514358827897,2766485,2799812,65263,18/12/2022
F514358659449,2766885,2799802,65269,19/12/2022
F514354249265,2793096,2805253,65272,19/12/2022
F514366568491,2796985,2805591,65275,19/12/2022
F514368708795,2798358,2800336,65276,19/12/2022
F514369351991,2798632,2805602,65277,19/12/2022
F514367892299,2797696,2805523,65280,19/12/2022
F514369865304,2798802,2805618,65283,19/12/2022
F514368862679,2798549,2800347,65284,19/12/2022
F514367967978,2797305,2805513,65285,19/12/2022
F514365310421,2796385,2800353,65288,21/12/2022
F514351851519,2794449,2800235,65289,20/12/2022
F514367837972,2797786,2805526,65290,20/12/2022
F514368031755,2798113,2800323,65294,19/12/2022
F514368969201,2799323,2800330,65298,20/12/2022
F514369789465,2798730,2805613,65299,20/12/2022
F514366282439,2796723,2800379,65301,20/12/2022
F514369131257,2798689,2805611,65306,20/12/2022
F514354890307,2795587,2800214,65308,20/12/2022
F514367418707,2799155,2805511,65310,20/12/2022
F514359100857,2792678,2800036,65315,21/12/2022
F514365349035,2796395,2800354,65317,21/12/2022
F514354797036,2795404,2805254,65318,21/12/2022
F514367558213,2797557,2800307,65323,21/12/2022
F514367837201,2797785,2805525,65329,21/12/2022
F514368190564,2798164,2805535,65332,21/12/2022
F514353217357,2794502,2805482,65351,23/12/2022
F514358891765,2769693,2799805,65353,23/12/2022
F514366366947,2796774,2800387,65354,09/01/2023
F514367995793,2797250,2805512,65357,23/12/2022
F514364649099,2795978,2800462,65360,24/12/2022
F514353217032,2794501,2805481,65367,25/12/2022
F514334547521,2768293,2800495,65371,26/12/2022
F514354899559,2795582,2805258,65378,27/12/2022
F514366183108,2796817,2800389,65387,28/12/2022
F514367532706,2797555,2805521,65426,02/01/2023
F514355597179,2767226,2799868,65432,02/01/2023
F514367917692,2770199,2800302,66179,08/01/2023
F514353599168,2799015,2805489,66182,09/01/2023
F514360381718,2801438,2805647,66202,09/01/2023
F514361358765,2801524,2805658,66203,09/01/2023
F514368893548,2800856,2805549,66204,09/01/2023
F514351575706,2801670,2805445,66206,09/01/2023
F514364026183,2801213,2805627,66208,09/01/2023
F514360534898,2801516,2805656,66210,09/01/2023
F514367331137,2800691,2805504,66213,09/01/2023
F514365919479,2800913,2805565,66217,09/01/2023
F514359843741,2754982,2805252,66218,09/01/2023
F514351689641,2792347,2800232,66219,09/01/2023
F514363750605,2801638,2805669,66222,09/01/2023
F514354679092,2795488,2805257,66225,10/01/2023
F514368339937,2797977,2805533,66226,09/01/2023
F514363237202,2801711,2805664,66227,09/01/2023
F514365058748,2796426,2805558,66228,09/01/2023
F514367095817,2796170,2805506,66229,09/01/2023
F514368183541,2800784,2805537,66230,09/01/2023
F514368652904,2798520,NA,66232,09/01/2023
F514367965109,2800707,2805514,66233,09/01/2023
F514360533999,2801508,2805655,66237,09/01/2023
F514367061067,2796204,2805507,66238,09/01/2023
F514367061318,2796205,2805508,66239,09/01/2023
F514366544482,2796998,2805593,66240,09/01/2023
F514367778315,2797364,2805518,66241,09/01/2023
F514353649185,2795153,2805493,66245,08/02/2023
F514369181915,2801121,2805609,66250,10/01/2023
F514365576427,2800925,2805570,66251,10/01/2023
F514353699292,2795101,2805492,66252,10/01/2023
F514364612867,2801280,2805634,66263,10/01/2023
F514366248719,2800953,2805577,66264,10/01/2023
F514337665869,2801668,2805678,66266,10/01/2023
F514369380624,2801094,2805600,66293,10/01/2023
F514366887834,2797056,2805596,66294,10/01/2023
F514351865273,2798906,2805478,66297,10/01/2023
F514369829584,2801165,2805621,66298,10/01/2023
F514363756405,2801628,2805667,66300,10/01/2023
F514350830838,2802169,2805406,66301,10/01/2023
F514351744494,2802575,2805435,66303,10/01/2023
F514351630007,2802995,2805470,66304,10/01/2023
F514351781616,2802543,2805430,66305,10/01/2023
F514352079972,2801845,2805270,66307,10/01/2023
F514362236123,2801312,2805636,66308,10/01/2023
F514351734044,2802601,2805439,66309,10/01/2023
F514352037268,2801925,2805277,66310,10/01/2023
F514352020954,2801908,2805276,66312,10/01/2023
F514360998186,2801453,2805649,66314,10/01/2023
F514367320064,2800646,2805501,66315,10/01/2023
F514366191695,2800995,2805583,66317,10/01/2023
F514360521264,2801492,2805652,66318,10/01/2023
F514350940341,2802011,2805381,66319,10/01/2023
F514362326828,2801330,2805638,66320,10/01/2023
F514369605237,2801152,2805616,66322,10/01/2023
F514369605172,2801151,2805615,66323,10/01/2023
F514362236245,2801313,2805637,66324,10/01/2023
F514368275825,2800764,2805528,66326,10/01/2023
F514353546185,2795063,2805491,66329,10/01/2023
F514351734928,2802600,2805438,66331,10/01/2023
F514353323434,2794619,2800241,66332,10/01/2023
F514362684216,2801412,2805644,66333,10/01/2023
F514351629182,2802963,2805468,66335,10/01/2023
F514351571834,2802671,2805446,66336,10/01/2023
F514366984401,2801029,2805588,66343,10/01/2023
F514364044749,2801204,2805626,66344,11/01/2023
F514351209034,2802198,2805407,66348,11/01/2023
F514351657216,2803010,2805473,66349,12/01/2023
F514369939396,2801126,2805612,66354,11/01/2023
F514360534605,2801517,2805657,66356,11/01/2023
F514351500715,2802659,2805444,66357,11/01/2023
F514351992038,2802476,2805425,66358,11/01/2023
F514351927449,2802513,2805427,66362,11/01/2023
F514351643957,2802949,2805467,66364,11/01/2023
F514351532476,2802801,2805457,66367,11/01/2023
F514362808268,2801425,2805645,66368,11/01/2023
F514352019845,2801868,2805271,66372,11/01/2023
F514366022517,2800972,2805579,66373,11/01/2023
F514351218658,2802211,2805408,66377,11/01/2023
F514351922831,2802523,2805428,66378,11/01/2023
F514351548409,2802752,2805454,66382,11/01/2023
F514350818104,2802122,2805401,66384,11/01/2023
F514368893426,2800855,2805548,66385,11/01/2023
F514367324617,2800671,2805503,66388,11/01/2023
F514360529924,2801475,2805651,66392,12/01/2023
F514350796632,2802052,2805384,66400,12/01/2023
F514360539311,2801501,2805654,66408,12/01/2023
F514367963019,2800712,2805516,66411,12/01/2023
F514362001774,2801338,2805640,66447,12/01/2023
F514350778659,2802064,2805386,66456,13/01/2023
F514351897285,2803016,2805475,66467,13/01/2023
F514351897114,2803015,2805474,66474,12/01/2023
F514351877018,2794383,2805477,66479,12/01/2023
F514351932162,2802533,2805429,66499,13/01/2023
F514351992354,2802477,2805426,66504,13/01/2023
F514351890034,2803019,2805476,66523,13/01/2023
F514330689784,2805133,2805710,66535,13/01/2023
F514333182541,2805186,2805721,66536,13/01/2023
F514350108196,2804334,2805365,66540,13/01/2023
F514352841825,2803982,2805349,66541,13/01/2023
F514352178621,2803192,2805278,66547,13/01/2023
F514339596536,2804998,2805700,66548,13/01/2023
F514352151931,2803309,2805286,66549,13/01/2023
F514331545094,2805170,2805718,66550,13/01/2023
F514350422395,2804517,2805372,66552,13/01/2023
F514361571998,2801565,2805662,66553,13/01/2023
F514350609619,2804679,2805395,66554,13/01/2023
F514352458525,2803445,2805296,66555,13/01/2023
F514339950546,2804958,2805692,66556,13/01/2023
F514350414132,2804480,2805370,66558,13/01/2023
F514332298776,2805043,2805705,66559,13/01/2023
F514348866346,2805197,2805723,66560,13/01/2023
F514352631776,2803908,2805343,66561,13/01/2023
F514331528221,2805179,2805720,66564,13/01/2023
F514351586463,2802682,2805448,66565,13/01/2023
F514350023689,2804300,2805361,66567,13/01/2023
F514351742841,2802569,2805434,66568,13/01/2023
F514330895223,2805146,2805712,66571,13/01/2023
F514352726521,2803658,2805320,66577,14/01/2023
F514351512039,2802729,2805451,66578,13/01/2023
F514363236288,2801572,2805663,66579,13/01/2023
F514350464045,2804496,2805371,66581,13/01/2023
F514335379781,2804858,2805682,66587,14/01/2023
F514352443742,2803408,2805290,66588,14/01/2023
F514331545953,2805169,2805717,66589,14/01/2023
F514338040962,2804837,2805679,66590,14/01/2023
F514350023818,2804299,2805360,66591,14/01/2023
F514352492148,2803316,2805287,66593,14/01/2023
F514330686121,2805134,2805711,66595,14/01/2023
F514352458485,2803444,2805295,66596,14/01/2023
F514331528181,2805178,2805719,66598,14/01/2023
F514366264165,2800946,2805575,66600,14/01/2023
F514339595467,2805014,2805703,66602,14/01/2023
F514350456886,2804525,2805374,66606,14/01/2023
F514350284971,2804070,2805353,66607,14/01/2023
F514352900728,2803474,2805301,66610,14/01/2023
F514339950765,2804959,2805693,66614,14/01/2023
F514352717441,2803619,2805315,66615,14/01/2023
F514352441166,2803409,2805291,66617,14/01/2023
F514352978108,2800577,2805303,66618,14/01/2023
F514337701986,2804791,2805676,66620,15/01/2023
F514352841396,2803981,2805348,66621,14/01/2023
F514352519112,2803754,2805327,66625,15/01/2023
F514365880841,2800927,2805573,66627,15/01/2023
F514339595645,2805013,2805702,66630,15/01/2023
F514368885123,2800869,2805553,66636,15/01/2023
F514352570686,2803725,2805323,66640,15/01/2023
F514350962471,2802001,2805379,66641,15/01/2023
F514351565354,2802742,2805453,66642,16/01/2023
F514330930969,2805123,2805709,66646,16/01/2023
F514352602186,2803847,2805339,66647,16/01/2023
F514350034242,2804317,2805364,66653,16/01/2023
F514369829413,2801164,2805620,66654,16/01/2023
F514352848913,2803975,2805347,66655,16/01/2023
F514352924275,2803519,2805306,66656,16/01/2023
F514352347888,2803117,2805265,66666,16/01/2023
F514361571251,2801564,2805661,66691,16/01/2023
F514352965845,2800610,2805305,66692,16/01/2023
F514339798615,2804972,2805695,66693,16/01/2023
F514337043633,2804768,2805673,66702,16/01/2023
F514369183413,2801119,2805607,66711,16/01/2023
F514350799938,2802050,2805383,66714,16/01/2023
F514351580841,2802686,2805449,66715,16/01/2023
F514352439774,2803430,2805293,66719,16/01/2023
F514336167505,2804921,2805687,66727,16/01/2023
F514351572522,2802675,2805447,66734,16/01/2023
F514339798486,2804973,2805696,66739,16/01/2023
F514351242422,2802216,2805409,66755,17/01/2023
F514368715103,2800846,2805545,66758,17/01/2023
F514367965822,2800710,2805515,66761,17/01/2023
F514350837845,2802165,2805405,66763,17/01/2023
F514352784956,2803616,2805314,66765,17/01/2023
F514350812889,2802127,2805403,66766,17/01/2023
F514339954386,2804968,2805694,66770,17/01/2023
F514367110371,2796269,2805510,66777,17/01/2023
F514351999126,2802455,2805423,66784,17/01/2023
F514352671644,2803861,2805341,66787,17/01/2023
F514350704826,2804541,2805385,66809,17/01/2023
F514350949844,2802006,2805380,66812,17/01/2023
F514331926312,2805164,2805714,66824,18/01/2023
F514365916205,2800916,2805566,66833,18/01/2023
F514353771746,2792365,2805486,66860,18/01/2023
F514350324628,2804212,2805358,66896,18/01/2023
F514351411997,2802377,2805419,66904,18/01/2023
F514350431637,2804522,2805373,66908,18/01/2023
F514350324888,2804211,2805357,66927,18/01/2023
F514351684976,2802880,2805463,66928,18/01/2023
F514352521275,2803793,2805332,66929,18/01/2023
F514360444469,2801444,2805648,66975,19/01/2023
F514350722581,2804554,2805388,66978,19/01/2023
F514352932707,2803530,2805308,66981,19/01/2023
F514351533578,2802798,2805456,66985,19/01/2023
F514351460742,2802392,2805421,66993,19/01/2023
F514336929287,2804926,2805688,66995,20/01/2023
F514351242544,2802217,2805410,67004,20/01/2023
F514352123168,2803270,2805281,67005,20/01/2023
F514368966431,2798305,2805543,67008,20/01/2023
F514352835175,2804000,2805351,67011,20/01/2023
F514336339403,2804899,2805685,67017,20/01/2023
F514332891558,2805084,2807131,67057,21/01/2023
F514352790706,2803550,2805310,67058,21/01/2023
F514367383845,2797144,2800289,67060,21/01/2023
F514366192156,2805244,2807044,67061,21/01/2023
F514336319761,2795211,2805684,67067,21/01/2023
F514362001506,2801337,2805639,67072,21/01/2023
F514352578235,2803720,2805322,67075,22/01/2023
F514352788082,2803600,2805312,67076,22/01/2023
F514352436866,2803433,2806845,67081,22/01/2023
F514336800122,2804934,2805689,67082,22/01/2023
F514350108203,2804335,2805366,67090,22/01/2023
F514331702655,2805165,2807137,67094,23/01/2023
F514363757426,2801632,2805668,67095,23/01/2023
F514368452097,2800817,2805540,67096,23/01/2023
F514369183584,2801120,2805608,67100,23/01/2023
F514361359112,2801525,2805659,67101,23/01/2023
F514351731022,2802593,2805437,67107,23/01/2023
F514352902907,2803476,2805302,67108,23/01/2023
F514350347105,2804194,2805356,67110,23/01/2023
F514330897921,2805144,2807136,67114,23/01/2023
F514369186979,2801115,2805606,67124,23/01/2023
F514368893767,2800857,2805550,67127,23/01/2023
F514352324818,2803139,2805268,67130,23/01/2023
F514350493505,2804433,2805369,67133,24/01/2023
F514350022976,2804302,2805363,67138,24/01/2023
F514350734164,2804564,2806941,67140,24/01/2023
F514350186994,2804360,2805367,67141,24/01/2023
F514350846114,2802139,2805404,67142,24/01/2023
F514351510257,2802708,2805450,67145,24/01/2023
F514352910715,2803489,2806853,67146,24/01/2023
F514351662668,2802935,2807007,67147,24/01/2023
F514351202732,2802204,2806955,67149,24/01/2023
F514364560581,2801263,2805632,67150,24/01/2023
F514368988172,2800839,2807029,67151,24/01/2023
F514364028751,2801208,2807065,67152,24/01/2023
F514351516235,2802702,2806992,67154,24/01/2023
F514351924995,2802524,2806980,67155,24/01/2023
F514350930946,2802029,2805382,67156,24/01/2023
F514365816584,2800942,2807040,67157,24/01/2023
F514360467668,2801442,2807086,67160,21/02/2023
F514360533009,2801509,2807090,67161,24/01/2023
F514366036903,2800980,2805580,67162,24/01/2023
F514363236928,2801573,2807099,67163,24/01/2023
F514351523509,2802778,2806996,67164,24/01/2023
F514361000995,2801549,2807094,67165,24/01/2023
F514368275647,2800765,2807024,67166,24/01/2023
F514366106588,2801015,2807047,67167,24/01/2023
F514351490145,2802327,2806962,67168,24/01/2023
F514351758467,2802603,2806984,67169,24/01/2023
F514368452729,2800822,2807026,67170,24/01/2023
F514367884499,2800734,2807021,67171,24/01/2023
F514351222561,2802218,2806956,67172,24/01/2023
F514351600807,2802836,2806999,67173,24/01/2023
F514352910561,2803488,2806852,67176,24/01/2023
F514352775332,2803590,2806866,67178,24/01/2023
F514363757159,2801629,2807100,67180,24/01/2023
F514352775819,2803591,2806867,67183,24/01/2023
F514352515387,2803761,2805328,67185,24/01/2023
F514352515873,2803762,2805329,67186,24/01/2023
F514351605392,2802839,2807000,67187,24/01/2023
F514350186004,2804361,2806916,67205,26/01/2023
F514362079673,2801351,2807074,67208,25/01/2023
F514366194473,2801001,2805585,67209,25/01/2023
F514351543598,2802763,2805455,67210,25/01/2023
F514368484935,2800797,2805538,67213,25/01/2023
F514351931993,2802532,2806981,67214,30/01/2023
F514351679621,2802856,2805461,67216,25/01/2023
F514367324869,2800670,2807015,67217,25/01/2023
F514358582636,2766411,2799788,67218,25/01/2023
F514366036077,2800981,2805581,67220,25/01/2023
F514351743821,2802567,2805433,67221,25/01/2023
F514335885748,2804884,2805683,67225,25/01/2023
F514352972713,2800586,2805304,67226,25/01/2023
F514352555239,2803821,2805335,67227,25/01/2023
F514352993588,2800572,2805299,67234,26/01/2023
F514362977137,2801361,2807077,67239,26/01/2023
F514351662416,2802936,2805465,67241,26/01/2023
F514352674844,2803863,2806886,67242,26/01/2023
F514352671466,2803862,2806885,67243,26/01/2023
F514352728952,2803653,2806868,67246,26/01/2023
F514352726132,2803655,2806869,67247,26/01/2023
F514350461348,2804494,2806925,67249,26/01/2023
F514350140085,2804393,2806917,67250,26/01/2023
F514350040171,2804288,2806913,67254,26/01/2023
F514339595101,2805008,2807124,67258,26/01/2023
F514352583273,2803745,2805326,67276,26/01/2023
F514350774957,2802075,2806935,67283,26/01/2023
F514351411007,2802378,2806972,67285,26/01/2023
F514362729617,2801368,2807079,67288,26/01/2023
F514351629222,2802964,2805469,67289,26/01/2023
F514352521786,2803797,2806884,67292,26/01/2023
F514350022205,2804301,2805362,67293,26/01/2023
F514352528777,2803788,2806882,67295,26/01/2023
F514334279152,2805019,2807126,67297,26/01/2023
F514339951315,2804962,2807118,67299,26/01/2023
F514351550693,2802811,2805458,67301,26/01/2023
F514351604996,2802850,2807002,67302,26/01/2023
F514367333916,2800690,2807016,67303,26/01/2023
F514339749975,2804985,2807122,67306,26/01/2023
F514352726376,2803657,2806871,67312,27/01/2023
F514350830773,2802171,2806953,67313,27/01/2023
F514366248208,2800948,2805576,67314,27/01/2023
F514352517225,2803757,2806878,67315,27/01/2023
F514362002746,2801344,2807073,67316,27/01/2023
F514368412966,2800812,2805539,67317,27/01/2023
F514365035281,2800880,2807034,67318,27/01/2023
F514332704933,2805073,2807129,67322,27/01/2023
F514330416431,2805113,2807134,67323,27/01/2023
F514362568273,2801397,2807083,67326,27/01/2023
F514331702493,2805166,2805715,67336,27/01/2023
F514351375028,2802238,2805412,67337,27/01/2023
F514352158144,2803296,2806839,67351,28/01/2023
F514362976773,2801360,2807076,67357,28/01/2023
F514365035119,2800879,2805556,67358,28/01/2023
F514362585826,2801383,2807082,67361,28/01/2023
F514352998334,2800563,2805298,67362,28/01/2023
F514350351106,2804234,2806906,67363,29/01/2023
F514352808583,2803925,2806891,67364,28/01/2023
F514331543911,2805176,2807139,67366,28/01/2023
F514350001259,2804253,2806909,67367,28/01/2023
F514350943477,2802013,2806928,67368,29/01/2023
F514351512355,2802730,2806994,67369,29/01/2023
F514351483706,2802353,2806968,67372,29/01/2023
F514352738259,2803670,2806872,67374,29/01/2023
F514350318415,2804163,2806904,67375,29/01/2023
F514352502718,2803717,2806875,67376,29/01/2023
F514339952936,2804964,2807119,67377,29/01/2023
F514339952052,2804965,2807120,67378,29/01/2023
F514352521931,2803794,2806883,67379,29/01/2023
F514336336763,2804902,2807110,67383,30/01/2023
F514352517436,2803760,2806879,67386,30/01/2023
F514352447599,2803402,2806843,67388,30/01/2023
F514351446487,2802407,2806974,67393,30/01/2023
F514352551001,2803823,2805336,67400,30/01/2023
F514350918334,2801987,2806926,67402,30/01/2023
F514352418502,2803370,2805289,67404,30/01/2023
F514360383046,2801431,2805646,67406,30/01/2023
F514351658723,2803003,2805471,67407,30/01/2023
F514352017747,2801873,2806833,67408,30/01/2023
F514352933185,2803526,2805307,67412,30/01/2023
F514352956757,2800619,2805309,67413,30/01/2023
F514352155625,2803303,2805284,67415,30/01/2023
F514339950157,2804953,2805691,67416,30/01/2023
F514365032787,2800893,2805557,67418,30/01/2023
F514363533209,2801646,2805670,67419,30/01/2023
F514362729869,2801367,2807078,67425,30/01/2023
F514352333403,2803152,2805269,67426,30/01/2023
F514352695134,2803832,2805338,67431,31/01/2023
F514352300444,2803049,2806824,67436,31/01/2023
F514350705903,2804537,2806932,67437,31/01/2023
F514368891117,2800858,2807031,67438,31/01/2023
F514352588482,2803736,2805324,67443,31/01/2023
F514350351277,2804235,2806907,67449,31/01/2023
F514337961323,2804783,2805675,67452,31/01/2023
F514352036303,2801922,2806834,67453,31/01/2023
F514352891924,2803922,2806890,67454,31/01/2023
F514353789931,2800631,2807013,67462,01/02/2023
F514352847682,2803976,2806895,67463,01/02/2023
F514360999514,2801455,2805650,67466,02/02/2023
F514338040451,2804841,2807106,67469,01/02/2023
F514352588377,2803735,2806877,67470,01/02/2023
F514357401128,2768855,2805247,67472,01/02/2023
F514351510135,2802707,2806993,67477,01/02/2023
F514352370461,2803064,2805262,67489,01/02/2023
F514351781487,2802544,2805431,67490,01/02/2023
F514352710434,2803621,2805317,67495,01/02/2023
F514350607901,2804682,2805396,67503,02/02/2023
F514338040638,2804840,2807105,67505,02/02/2023
F514364611327,2801279,2807069,67506,02/02/2023
F514351661241,2802930,2807005,67508,02/02/2023
F514368897914,2800849,2807030,67514,02/02/2023
F514350628816,2804738,2805400,67520,02/02/2023
F514330130185,2805094,2805708,67521,02/02/2023
F514351389836,2802243,2805413,67526,03/02/2023
F514331545175,2805167,2805716,67529,03/02/2023
F514351389658,2802244,2805414,67531,03/02/2023
F514352789613,2803601,2805313,67533,03/02/2023
F514351999248,2802456,2806977,67550,03/02/2023
F514351550855,2802810,2806997,67560,03/02/2023
F514352860341,2803967,2805345,67571,04/02/2023
F514331545231,2805168,2807138,67572,04/02/2023
F514351678114,2802851,2805459,67573,04/02/2023
F514352710678,2803620,2805316,67576,04/02/2023
F514352965667,2800611,2806855,67580,04/02/2023
F514352352803,2803166,2806831,67582,04/02/2023
F514334204956,2805018,2807125,67583,04/02/2023
F514368974556,2800837,2807027,67617,05/02/2023
F514351417059,2802369,2805417,67621,05/02/2023
F514362587568,2801381,2807080,67624,05/02/2023
F514350774235,2802074,2805387,67627,05/02/2023
F514351630372,2802996,2807012,67632,06/02/2023
F514366548573,2796990,2807049,67641,06/02/2023
F514365982723,2800904,2805563,67653,06/02/2023
F514352509011,2803707,2806874,67656,06/02/2023
F514336335807,2804913,2807113,67657,06/02/2023
F514369518308,2801138,2807060,67658,06/02/2023
F514366849204,2801068,2807051,67667,07/02/2023
F514365033629,2800886,2807036,67670,07/02/2023
F514330308207,2801710,2807132,67674,07/02/2023
F514365033889,2800885,2807035,67677,07/02/2023
F514350395796,2804133,2806902,67679,07/02/2023
F514350525395,2804644,2806949,67680,07/02/2023
F514368974791,2800838,2807028,67710,07/02/2023
F514352860852,2803968,2806894,67712,07/02/2023
F514352922063,2803516,2806857,67714,07/02/2023
F514368464571,2800815,2807025,67715,07/02/2023
F514336800244,2804935,2807115,67724,08/02/2023
F514364611084,2801278,2807068,67739,08/02/2023
F514366106239,2801011,2807046,67741,08/02/2023
F514362808146,2801424,2807085,67745,08/02/2023
F514366249189,2800954,2807041,67747,08/02/2023
F514350063581,2804276,2806910,67750,09/02/2023
F514352934173,2803531,2806860,67768,09/02/2023
F514351454538,2802452,2806976,67795,09/02/2023
F514352134468,2803295,2806838,67829,09/02/2023
F514330547036,2805130,2807135,67847,09/02/2023
F514350704397,2804540,2806934,67861,09/02/2023
F514363755717,2801641,2807102,67862,09/02/2023
F514350515659,2804610,2806944,67866,09/02/2023
F514350795377,2802058,2806931,67870,09/02/2023
F514335476868,2804875,2807109,67874,09/02/2023
F514362002527,2801343,2807072,67877,09/02/2023
F514350845937,2802144,2806952,67878,09/02/2023
F514350498536,2804425,2806921,67879,09/02/2023
F514352847422,2803977,2806896,67882,09/02/2023
F514350302482,2804143,2806903,67896,10/02/2023
F514359085808,2761084,2800032,67903,10/01/2023
F514368885245,2800870,2807032,67907,10/02/2023
F514336335678,2804914,2807114,67919,11/02/2023
F514352253902,2803027,2805260,67924,11/02/2023
F514335014778,2804869,2807108,67927,11/02/2023
F514351630997,2802994,2807011,67941,12/02/2023
F514361374462,2801519,2807093,67943,12/02/2023
F514351624281,2802977,2807010,67947,12/02/2023
F514367948472,2800716,2807017,67973,13/02/2023
F514351603967,2802841,2807001,67974,13/02/2023
F514366728425,2796949,2805590,67976,13/02/2023
F514351677937,2802860,2807003,67981,13/02/2023
F514356791897,2765986,2799964,67983,13/02/2023
F514351345999,2802251,2806958,67991,14/02/2023
F514350705077,2804538,2806933,67994,14/02/2023
F514362587713,2801382,2807081,68006,14/02/2023
F514365984149,2800905,2805564,68008,14/02/2023
F514333182428,2805222,2807140,68023,14/02/2023
F514352409203,2803325,2806842,68024,14/02/2023
F514352801551,2803933,2806893,68025,14/02/2023
F514352372527,2803069,2806825,68027,14/02/2023
F514367515801,2797513,2800304,68034,15/02/2023
F514351596994,2802631,2806988,68036,15/02/2023
F514352255344,2803025,2806820,68039,15/02/2023
F514351628712,2802962,2807009,68128,17/02/2023
F514366843778,2801076,2807052,68151,18/02/2023
F514352928017,2803506,2806856,68154,18/02/2023
F514366841136,2801077,2805599,68160,19/02/2023
F514352450198,2803455,2806847,68161,19/02/2023
F514360467416,2801443,2807087,68162,19/02/2023
F514350740425,2802091,2806937,68173,20/02/2023
F514350686318,2804705,2806950,68189,20/02/2023
F514355596709,2767225,2805250,68190,20/02/2023
F514367561615,2800732,2807020,68193,20/02/2023
F514339194395,2804947,2807117,68205,21/02/2023
F514351765116,2801708,2806982,68215,21/02/2023
F514350732747,2805906,2806940,68222,21/02/2023
F514350562436,2804623,2806945,68267,23/02/2023
F514356448634,2765944,2799945,68272,23/02/2023
F514334547619,2805041,2807127,68274,23/02/2023
F514364218567,2801183,2807062,68353,24/02/2023
F514351486899,2802344,2806965,68405,27/02/2023
F514350499719,2804428,2806922,68442,27/02/2023
F514364306573,2801194,2807064,68538,02/03/2023
F514366984572,2801030,2811634,68604,02/03/2023
F514352030488,2801927,2806835,68696,05/03/2023
F514352030528,2801928,2806836,68697,05/03/2023
F514352726002,2803656,2806870,68911,11/03/2023
F514351486606,2802345,2806966,68924,12/03/2023
F514332941623,2805059,2807128,69515,14/03/2023
F514354860912,2792359,2800218,69835,21/03/2023
F514339769333,2804975,2807121,69912,23/03/2023
F514354041637,2755127,2800159,69981,26/03/2023
F514352831619,2804005,2806899,70003,27/03/2023
F514352419864,2803373,2811629,70066,29/03/2023
F514366036296,2800979,2811633,70100,29/03/2023
F514352342143,2803119,2806827,70253,05/04/2023
F514352994981,2800575,2805300,70267,05/04/2023
F514351460523,2802391,2806973,70329,07/04/2023
F514369846123,2801156,2805619,81297,13/10/2023
F514358337968,2742386,2754729,60939/60393,27/09/2022
